Product Title,Product Handle,Product Description,Product Status,Product Image 1 Url,Product Image 2 Url,Variant Option 1 Name,Variant Option 1 Value,Variant Title,Variant SKU,Variant Price EGP,Variant Price USD,Variant Manage Inventory,Product Category 1 Name,Product Category 1 Handle
Microsoft Surface Laptop 4,microsoft-surface-laptop-4,"

المعالج
• Intel Core i7-1185G7 – الجيل الحادي عشر – 4 أنوية / 8 خيوط – تردد يصل إلى 4.8 GHz – كاش 12 MB



كارت الشاشة
Intel Iris Xe Graphics – أداء رسومي متطور لمعالجة الصور، الفيديو الخفيف، والأعمال اليومية بسلاسة فائقة



الرام
16 GB LPDDR4x – سرعة استجابة فائقة لتعدد المهام المكثف



التخزين
256 GB PCIe NVMe SSD – سرعة فائقة في تشغيل النظام وفتح التطبيقات



الشاشة
13.5 بوصة PixelSense™ – دقة 2256 × 1504 – تدعم اللمس المتعدد (10 نقاط) – توافق مع قلم Surface Pen



البطارية
أداء استثنائي يدوم طوال يوم العمل مع دعم خاصية الشحن السريع (حتى 80% في ساعة واحدة)



الوزن والأبعاد
308 × 223 × 14.5 مم – الوزن يبدأ من 1.26 كجم (تصميم نحيف جداً وهيكل معدني فاخر)



المداخل والمخارج

1 × USB-C (يدعم الشحن ونقل البيانات)
1 × USB-A 3.2
1 × Surface Connect port
1 × 3.5mm Headphone Jack
Wi-Fi 6 / Bluetooth 5.0




نظام التشغيل
Windows 11 جاهز للاستخدام مع خدمة إعداد الجهاز وتثبيت كافة التعريفات

",published,https://laapak.com/wp-content/uploads/2026/02/surface_laptop_4_main.jpg,https://laapak.com/wp-content/uploads/2026/02/surface_laptop_4_gallery1.jpg,Default Option,Default,Default Variant,WOO-SKU-13751,18999,,false,down 20,down-20
arabic and english characters for Laptop keyboard,arabic-and-english-characters-for-laptop-keyboard,"

خامات عالية الجودة
• مادة PVC غير شفافة ذات لون أسود مطفي (Matte)• حروف مطبوعة أسفل طبقة واقية لمنع التآكل والبهتان• ملمس ناعم ومريح للأصابع أثناء الكتابة



سهولة الاستخدام
لاصق ذاتي قوي لا يترك أثاراً عند الرغبة في إزالته. تصميم دقيق يغطي المفاتيح بالكامل ليمنحك كيبورد عربي-إنجليزي بوضوح تام.



التوافق
متوافق مع جميع أجهزة اللابتوب، الكمبيوتر المكتبي، وأجهزة النوت بوك. الحل الأسرع والأكثر اقتصاداً لإضافة العربية لجهازك.

",published,https://laapak.com/wp-content/uploads/2026/02/61wYlkKlhS._AC_SL1500_.jpg,,Default Option,Default,Default Variant,WOO-SKU-13737,,,false,accessories,accessories
طباعة الكيبورد عربي (ليزر),%d8%b7%d8%a8%d8%a7%d8%b9%d8%a9-%d8%a7%d9%84%d9%83%d9%8a%d8%a8%d9%88%d8%b1%d8%af-%d8%b9%d8%b1%d8%a8%d9%8a-%d9%84%d9%8a%d8%b2%d8%b1,"

دقة الليزر
• حفر ليزر عالي الدقة يضمن ثباتاً أبدياً للحروف العربية• لا تتأثر الحروف بالاحتكاك أو الاستخدام اليومي المكثف• مظهر احترافي يماثل الكيبورد الأصلي تماماً



مميزات الخدمة
تحافظ الخدمة على خاصية الإضاءة الخلفية (Backlit) في الأجهزة التي تدعمها، مما يسمح برؤية الحروف العربية بوضوح في الظلام.



التوافق
الخدمة متاحة لجميع أنواع أجهزة اللابتوب (Apple, Dell, HP, Lenovo) والكيبوردات الخارجية بمختلف أحجامها وألوانها.

",published,https://laapak.com/wp-content/uploads/2026/02/laser-printing.webp,,Default Option,Default,Default Variant,WOO-SKU-13738,150,,false,accessories,accessories
Portable Sleeve for Laptop,portable-sleeve-for-laptop,"

حماية قصوى
• طبقة خارجية من البوليستر المقاوم للماء• بطانة داخلية من فوم EVA لامتصاص الصدمات• طبقة ناعمة مضادة للخدش تحمي هيكل اللابتوب



التصميم والوزن
تصميم نحيف للغاية يسمح بوضعه داخل حقيبة الظهر أو حمله منفرداً. سحاب مزدوج عالي الجودة لسهولة الوصول والحماية من الغبار.



التوافق
متوفر بمقاسات مختلفة ليناسب جميع أجهزة اللابتوب (13 - 15.6 بوصة). مثالي للطلاب والموظفين كثيرة التنقل.

",published,https://laapak.com/wp-content/uploads/2026/02/71ytpQg6WsL._AC_SL1500_.jpg,,Default Option,Default,Default Variant,WOO-SKU-13734,200,,false,accessories,accessories
Dual Mode Rechargeable Wireless Bluetooth Mouse,wireless-mouse,"

اتصال مزدوج
• بلوتوث 5.0 (للاتصال المباشر بالأجهزة الذكية واللابتوب)• لاسلكي 2.4G (عبر مستقبل USB لسرعة استجابة فائقة)• إمكانية التبديل بين وضعين بضغطة زر واحدة



البطارية والشحن
بطارية مدمجة قابلة لإعادة الشحن سعة 500mAh وشحن عبر منفذ Type-C. أداء موثوق يدوم لفترات عمل طويلة مع وضع توفير الطاقة الذكي.



الدقة والراحة
أزرار صامتة (Silent Click) للعمل في هدوء، مع حساسية قابلة للتعديل حتى 4000 DPI وتصميم مريح يناسب الاستخدام الطويل.

",published,https://laapak.com/wp-content/uploads/2026/02/1.jpg,https://laapak.com/wp-content/uploads/2026/02/3.jpg,Default Option,Default,Default Variant,WOO-SKU-13729,150,,false,accessories,accessories
"USB C Hub 3.0, CRTEPST 7 in 2 Multiport Hub Adapter",usb-c-hub-3-0,"

توزيع المنافذ
• 1 × USB 3.0 (سرعة نقل تصل إلى 5Gbps)• 4 × USB 2.0 (للملحقات والأجهزة الطرفية)• 1 × USB-C PD (شحن سريع بقوة تصل إلى 100W)



التصميم والخدمة
هيكل معدني صلب من سبائك الألمنيوم لتبديد الحرارة بشكل مثالي، مع تصميم نحيف وخفيف الوزن (7 في 2) يناسب أجهزة MacBook Pro و Air وجميع الأجهزة التي تدعم منفذ Type-C.



التوافق والاستخدام

متوافق مع MacBook Pro / MacBook Air / iPad Pro
يدعم Chromebook وجميع منافذ USB-C Thunderbolt
خاصية Plug &amp; Play - يعمل مباشرة بدون تعريفات


",published,https://laapak.com/wp-content/uploads/2026/02/61DBkRY-MzL._AC_SL1300_.jpg,,Default Option,Default,Default Variant,WOO-SKU-13726,450,,false,accessories,accessories
Adjustable laptop stand,adjustable-laptop-stand,"

أداء مريح وصحي
• 7 مستويات لضبط الارتفاع والزاوية لمستوى نظر مثالي• تصميم مريح يقلل من آلام الرقبة والظهر والكتفين• يحسن وضعية الجلوس أثناء العمل الطويل



التبريد وتبديد الحرارة
هيكل معدني مفتوح من سبائك الألمنيوم يسمح بمرور الهواء وتدفق التهوية، مما يمنع ارتفاع حرارة اللابتوب ويحافظ على أدائه.



الاستقرار والقوة
قواعد سيليكون مانعة للانزلاق تضمن ثبات الجهاز على المكتب. تصميم قابل للطي لسهولة حمله في حقيبة اللابتوب.

",published,https://laapak.com/wp-content/uploads/2026/02/stand.jpg,,Default Option,Default,Default Variant,WOO-SKU-13717,150,,false,accessories,accessories
HP EliteBook 850 G7,hp-elitebook-850-g7,"

المعالج
• Intel Core i5-1065G7 – الجيل العاشر – 4 أنوية / 8 خيط – تردد يصل إلى 3.9 GHz – أداء قوي ومتوازن للمهام اليومية والمهنية والأعمال المكتبية



الرام
16 GB DDR4 – أداء سريع لتعدد المهام – قابل للترقية حسب الطلب



التخزين
256 GB SSD – سرعة فائقة في التشغيل والقراءة – مناسب لتخزين الملفات والتطبيقات الأساسية



الشاشة
15.6 بوصة FHD (1920 × 1080) – وضوح ممتاز وجودة عالية للأعمال اليومية والترفيه



البطارية
بطارية ليثيوم بوليمر – أداء موثوق يدوم لفترات عمل طويلة



الوزن والأبعاد
تصميم خفيف ومحمول – مناسب للتنقل والعمل في أي مكان



المداخل والمخارج

USB Ports
HDMI
Audio Jack
Wi-Fi / Bluetooth




نظام التشغيل
Windows أو Linux حسب الطلب مع خدمة إعداد الجهاز قبل التسليم

",published,https://laapak.com/wp-content/uploads/2025/12/hp-850-g7-resized-1.jpg,https://laapak.com/wp-content/uploads/2025/12/hp-850-g7-resized-2.jpg,Default Option,Default,Default Variant,WOO-SKU-13079,14999,,false,down 20,down-20
HP EliteBook 840 G8,hp-elitebook-840-g8,"

المعالج
• Intel Core i5-1135G7 – الجيل الحادي عشر – 4 أنوية / 8 خيط – تردد يصل إلى 4.2 GHz – أداء قوي ومتوازن للمهام اليومية والمهنية والأعمال المكتبية



الرام
16 GB DDR4 – أداء سريع لتعدد المهام – قابل للترقية حسب الطلب



التخزين
512 GB SSD – سرعة فائقة في التشغيل والقراءة – سعة كبيرة لتخزين الملفات والتطبيقات



الشاشة
14 بوصة FHD (1920 × 1080) – وضوح ممتاز وجودة عالية للأعمال اليومية والترفيه



البطارية
بطارية ليثيوم بوليمر – أداء موثوق يدوم لفترات عمل طويلة



الوزن والأبعاد
تصميم خفيف ومحمول – مناسب للتنقل والعمل في أي مكان



المداخل والمخارج

USB Ports
HDMI
Audio Jack
Wi-Fi / Bluetooth




نظام التشغيل
Windows أو Linux حسب الطلب مع خدمة إعداد الجهاز قبل التسليم

",published,https://laapak.com/wp-content/uploads/2025/12/hp-840-g8-resized-1.jpg,https://laapak.com/wp-content/uploads/2025/12/hp-840-g8-resized-2.jpg,Default Option,Default,Default Variant,WOO-SKU-13075,14000,,false,down 20,down-20
Dell Latitude 5591,dell-latitude-5591,"

المعالج
• Intel Core i5 الجيل الثامن – أداء قوي ومتوازن – مناسب للمهام اليومية والمهنية والأعمال المكتبية



الرام
8 GB DDR4 – أداء سريع لتعدد المهام – قابل للترقية حسب الطلب



التخزين
256 GB SSD – سرعة فائقة في التشغيل والقراءة – مناسب لتخزين الملفات والتطبيقات الأساسية



الشاشة
15.6 بوصة – شاشة عالية الجودة – وضوح ممتاز للأعمال اليومية والترفيه



البطارية
بطارية ليثيوم بوليمر – أداء موثوق يدوم لفترات عمل طويلة



الوزن والأبعاد
تصميم خفيف ومحمول – مناسب للتنقل والعمل في أي مكان



المداخل والمخارج

USB Ports
HDMI
Audio Jack
Wi-Fi / Bluetooth




نظام التشغيل
Windows أو Linux حسب الطلب مع خدمة إعداد الجهاز قبل التسليم

",published,https://laapak.com/wp-content/uploads/2025/12/dell-latitude-5591.jpg,,Default Option,Default,Default Variant,WOO-SKU-13068,10000,,false,Dell,dell
Handboss Universal Foam Cleaning Agent,foam-cleaning-agent,"

نوع المنتج
رغوة تنظيف عالمية متعددة الاستخدامات – مناسبة للاستخدام على الأجهزة الإلكترونية والأسطح المنزلية المختلفة



السعة
550 مل (7.2 أونصة سائلة) – عبوة كافية للاستخدام المتكرر



المميزات

مبادرة خضراء – صديق للبيئة
إزالة الروائح – يزيل الروائح الكريهة
فرشاة مدمجة – سهولة في الاستخدام
مناسب للأجهزة الإلكترونية – آمن على الشاشات والكمبيوترات
مناسب للأسطح المنزلية – الأثاث والجدران




الاستخدامات

تنظيف شاشات الكمبيوتر والتلفزيون
تنظيف أجهزة الكمبيوتر المكتبية والمحمولة
تنظيف الأثاث والجدران
إزالة الأتربة والأوساخ من الأسطح المختلفة
تنظيف الأجهزة الإلكترونية بأمان




طريقة الاستخدام
1. رج العبوة جيداً قبل الاستخدام
2. اضغط على الفوهة لرش الرغوة على السطح
3. استخدم الفرشاة المدمجة أو قطعة قماش ناعمة لفرك السطح
4. امسح السطح بقطعة قماش جافة ونظيفة



الأمان
آمن للاستخدام على الأجهزة الإلكترونية الحساسة – لا يترك بقايا – مناسب للأسطح المختلفة

",published,https://laapak.com/wp-content/uploads/2025/12/cleaning-foam.jpg,,Default Option,Default,Default Variant,WOO-SKU-13057,100,,false,accessories,accessories
Windows 11 Pro OEM Key For 1 Pc | مفتاح تفعيل ويندوز 11 برو لجهاز واحد,windows-11-pro-licence,"

سيريال ويندوز 11 برو (Windows 11 Pro OEM)
نسخة أصلية 100% تعمل بكفاءة وتمنحك تجربة ويندوز الكاملة مع جميع الميزات الاحترافية،
ويدعم كلاً من 32 بت و 64 بت مع إمكانية التحميل من الموقع الرسمي مباشرة.



تفاصيل التفعيل

يعمل على جهاز واحد فقط ولا يمكن نقله لجهاز آخر.
تفعيل لفترة غير محدودة مع ضمان لمدة عام كامل.
يشمل رابط تحميل النسخة الأصلية من موقع مايكروسوفت.
مرفق دليل مبسط لشرح خطوات التثبيت والتفعيل.
دعم فني متاح على مدار الساعة لحل أي مشكلة.




تفاصيل المنتج

المنتج رقمي فقط – لا يوجد شحن فعلي ولا أقراص CD.
يتم إرسال السيريال ورابط التحميل عبر البريد الإلكتروني.
عادةً يتم الإرسال فورًا، وفي بعض الحالات قد يستغرق عدة ساعات.
يرجى فحص البريد غير الهام (Spam) إذا لم يصل الإيميل مباشرة.




ملاحظات هامة

السيريال يتم ربطه بجهازك بشكل دائم.
عند إعادة تثبيت نفس نسخة ويندوز على نفس الجهاز، يتم التفعيل تلقائيًا.
في حالة تغيير مكونات الهاردوير بشكل كبير قد يحتاج التفعيل إلى إعادة إدخال السيريال.
غير متاح نقله لجهاز آخر تحت أي ظرف.




الدعم الفني
لأي استفسار أو مشكلة في التثبيت أو التفعيل، يمكنك التواصل مع فريق الدعم:
support@laapak.com
أو عبر الواتساب: 01013148007




",published,https://laapak.com/wp-content/uploads/2025/11/windows-11.png,,Default Option,Default,Default Variant,WOO-SKU-11994,349,,false,Digital Product,digital-product
HP ZBook Power G8,hp-zbook-power-g8,"

المعالج
Intel Core i7-11800H – الجيل الحادي عشر – (8 أنوية / 16 خيط) – تردد أساسي 2.3GHz يصل حتى 4.6GHz – كاش 24MB – أداء قوي للمهام الاحترافية. عند مقارنته بالمعالج المكافئ من AMD Ryzen 7 5800H، يوفر Intel Core i7-11800H أداءً ممتازاً في المهام أحادية الخيط (Single-threaded) وأداءً قوياً في المهام متعددة الخيوط، مما يجعله مثاليًا للمحترفين في التصميم والهندسة والبرمجة. كما يتميز بأداء رسوميات مدمجة قوي مع دعم كامل لتقنيات Intel الحديثة.



كارت الشاشة
NVIDIA Quadro T1200 (4GB GDDR6) – مخصص للبرامج الهندسية والجرافيك والمونتاج الاحترافي – أداء استثنائي في التطبيقات ثلاثية الأبعاد والتصميم المعماري



الرام
32 GB DDR4-3200 – قابلة للترقية حتى 128 GB – أداء عالي في تعدد المهام والتطبيقات الثقيلة والبرامج الهندسية



التخزين
512 GB SSD NVMe PCIe – تخزين سريع جداً – قابل للترقية حتى 4 TB حسب الحاجة لمشاريع كبيرة وملفات ثقيلة



الشاشة
15.6″ FHD (1920×1080) IPS – شاشة LED مضادة للتوهج – سطوع 400 شمعة – رؤية واضحة بدقة عالية لتطبيقات التصميم والمونتاج والهندسة



البطارية
بطارية قوية 6 خلايا بسعة 83 واط/ساعة – أداء يدوم لفترات عمل طويلة ومناسب للتنقل المهني



الوزن والأبعاد
الوزن حوالي 1.89 كجم – هيكل قوي من مواد فاخرة – تصميم موجه للمحترفين في بيئات العمل الصعبة



المداخل والمخارج

1 × USB Type-C (Thunderbolt 3)
3 × USB 3.2 Type-A
HDMI 2.0
RJ-45 LAN
منفذ سماعة/مايك 3.5 مم
Wi-Fi 6 + Bluetooth 5




نظام التشغيل
النظام حسب اختيارك (Windows / Linux) مع خدمة مجانية لتجهيز الجهاز بالبرامج المطلوبة قبل التسليم

",published,https://laapak.com/wp-content/uploads/2024/08/g7_0002_61vxBdD8LL._AC_SL1200_.jpg,https://laapak.com/wp-content/uploads/2025/11/zbook2_square.jpg,Default Option,Default,Default Variant,WOO-SKU-12985,28999,,false,down 30,down-30
HP ProBook 640 G8,hp-probook-640-g8,"

المعالج
Intel Core i5-1135G7 – الجيل الحادي عشر – (4 أنوية / 8 خيوط) – تردد أساسي 2.4GHz يصل حتى 4.2GHz – كاش 8MB – أداء قوي للمهام الاحترافية. عند مقارنته بالمعالج المكافئ من AMD Ryzen 5 5500U، يوفر Intel Core i5-1135G7 أداءً ممتازاً في المهام أحادية الخيط (Single-threaded) وكفاءة عالية في استهلاك الطاقة، مما يمنحك أداءً سلساً في التطبيقات المكتبية والمهام اليومية. كما يتميز بمعالجة رسوميات مدمجة قوية (Intel Iris Xe Graphics) تفوق نظيراتها من AMD في الأداء الرسومي المدمج.



كارت الشاشة
Intel Iris Xe Graphics – رسوميات مدمجة قوية – مناسبة للمهام اليومية والعروض التقديمية والتصميم الخفيف



الرام
16 GB DDR4-3200 – قابلة للترقية حتى 64 GB – أداء عالي في تعدد المهام والتطبيقات الثقيلة



التخزين
256 GB SSD NVMe PCIe – تخزين سريع جداً – قابل للترقية حتى 1 TB حسب الحاجة لمشاريع كبيرة



الشاشة
14″ FHD (1920×1080) – شاشة LED مضادة للتوهج – رؤية واضحة بدقة عالية للمهام المكتبية والعروض التقديمية



البطارية
بطارية قوية 3 خلايا بسعة 45 واط/ساعة – أداء يدوم لفترات عمل طويلة ومناسب للتنقل المهني



الوزن والأبعاد
الوزن حوالي 1.375 كجم – هيكل قوي من مواد فاخرة – تصميم موجه للمحترفين في بيئات العمل الصعبة



المداخل والمخارج

1 × USB Type-C (يدعم Power Delivery و DisplayPort)
3 × USB 3.2 Type-A
HDMI 1.4b
RJ-45 LAN
منفذ سماعة/مايك 3.5 مم
Wi-Fi 6 + Bluetooth 5




نظام التشغيل
النظام حسب اختيارك (Windows / Linux) مع خدمة مجانية لتجهيز الجهاز بالبرامج المطلوبة قبل التسليم

",published,https://laapak.com/wp-content/uploads/2025/11/hp640_1_square.jpg,https://laapak.com/wp-content/uploads/2025/11/hp640_2_square.jpg,Default Option,Default,Default Variant,WOO-SKU-12958,13999,,false,down 20,down-20
HP ProBook x360 435 G8,hp-probook-x360-435-g8,"

المعالج
AMD Ryzen 7 5850U – الجيل الخامس – (8 أنوية / 16 خيط) – تردد أساسي 1.9GHz يصل حتى 4.4GHz – كاش 16MB – أداء قوي للمهام الاحترافية. مقارنةً بمعالج Intel Core i7 من الجيل 12(11th Gen)، يوفر Ryzen 7 5800U أداءً متعدد الأنوية متفوقًا، مما يجعله مثاليًا للمهام المتعددة وتحرير المحتوى، مع كفاءة أفضل في استهلاك الطاقة.



كارت الشاشة
AMD Radeon Graphics مدمج – يدعم DirectX 12 – أداء ممتاز للمهام اليومية وتحرير الوسائط المتعددة



الرام
16 GB DDR4-3200 – قابلة للترقية حتى 32 GB – أداء عالي في تعدد المهام والتطبيقات الثقيلة



التخزين
512 GB SSD NVMe PCIe – قابلة للترقية حتى 1 TB – تخزين سريع جداً – قابل للتوسعة حسب الحاجة لمشاريع كبيرة



الشاشة
13.3″ FHD (1920×1080) – شاشة لمس IPS مع حماية Corning Gorilla Glass 5 – سطوع يصل إلى 400 شمعة – رؤية واضحة بدقة عالية لتطبيقات التصميم والمونتاج



البطارية
بطارية ليثيوم أيون 3 خلايا بسعة 45 واط/ساعة – أداء يدوم لفترات عمل طويلة ومناسب للتنقل المهني



الوزن والأبعاد
الوزن يبدأ من 1.45 كجم – أبعاد 30.85 × 22.29 × 1.79 سم – هيكل قوي من مواد فاخرة – تصميم موجه للمحترفين في بيئات العمل الصعبة



المداخل والمخارج

2 × USB Type-A (5 جيجابت/ثانية، أحدهما يدعم الشحن)
1 × USB Type-C (10 جيجابت/ثانية، يدعم Power Delivery وDisplayPort 1.4)
HDMI 1.4b
قارئ كروت microSD
منفذ سماعة/مايك 3.5 مم
Wi-Fi 6 + Bluetooth 5




نظام التشغيل
النظام حسب اختيارك (Windows / Linux) مع خدمة مجانية لتجهيز الجهاز بالبرامج المطلوبة قبل التسليم

",published,https://laapak.com/wp-content/uploads/2025/11/hp_435_g8_1_square-1.jpg,https://laapak.com/wp-content/uploads/2025/11/hp_435_g8_2_square-1.jpg,Default Option,Default,Default Variant,WOO-SKU-12942,16500,,false,AMD Ryzen 7,ryzen-7
Z440 workstation,z440-workstation,"

المعالج
• Intel Xeon E5-2697 v4 - 18 نواة / 36 خيط معالجة - تردد حتى 3.6GHz - أداء قوي ومناسب للأعمال الاحترافية



كارت الشاشة
NVIDIA GTX 680 2GB - كارت مخصص للأعمال الرسومية المتوسطة وتحرير الفيديوهات الخفيفة



الرام
 ذاكرة احترافية مستقرة ومناسبة لتشغيل برامج التصميم والمونتاج والبرمجة  -  قابل للترقية حتى 128GB



التخزين
يدعم حتى 2TB SSD + HDD إضافي - مرونة عالية في الترقية وتخزين المشاريع الكبيرة



التبريد
نظام تبريد احترافي مخصص لمحطات العمل، يحافظ على الأداء المستقر أثناء الضغط المستمر



مزود الطاقة
مزود طاقة 700W أصلي من HP - مصمم لدعم المكونات الاحترافية بثبات وكفاءة



المداخل والمخارج

10 × USB (منها USB 3.0)
DisplayPort × 2
DVI و VGA (حسب الكارت)
Ethernet LAN
مخارج صوت أمامية وخلفية
Wi-Fi (اختياري)




نظام التشغيل
Windows 10 Pro / Windows 11 Pro - متوافق مع برامج التصميم والهندسة

HP Z440 Workstation - محطة عمل قوية مخصصة للمهندسين والمصممين والمبرمجين، تجمع بين قوة معالجات Xeon وذاكرة ECC لأداء مستقر في المشاريع الكبيرة. مثالية لتطبيقات التصميم، المونتاج، الرندر، والبرمجة المتقدمة.
",published,https://laapak.com/wp-content/uploads/2025/10/HPZ440Workstation_IntelXeonE5-1650V3-32GBDDR4-NoHard-NoGraphicsCard-DVDRW_3_c2e4e4a8-7b5c-465e-b4a5-fa8841962be4.webp,https://laapak.com/wp-content/uploads/2025/10/download-3.jpeg,Default Option,Default,Default Variant,WOO-SKU-12861,14999,,false,down 20,down-20
HP Elitebook 645 G9,hp-elitebook-645-g9,"

المعالج
• AMD Ryzen 5 Pro 5675U - 6 أنوية / 12 خيط - تردد حتى 4.5GHz (يدعم خيارات حتى Ryzen 7 PRO 6850U)



كارت الشاشة
AMD Radeon Graphics مدمج – أداء ممتاز في المهام المكتبية والتصميم الخفيف وتشغيل الفيديوهات بدقة عالية



الرام
يدعم حتى 64GB DDR4-4800MHz – مناسب لتعدد المهام وتشغيل البرامج الثقيلة



التخزين
يدعم حتى 2TB PCIe NVMe SSD – تخزين سريع وقابل للترقية



الشاشة
14 بوصة FHD (1920×1080) Anti-Glare – شاشة واضحة ومريحة للعين أثناء العمل الطويل



البطارية
بطارية 3 خلايا 42WHr – تدعم تقنية الشحن السريع HP Fast Charge (حتى 50% خلال 30 دقيقة)



الوزن والأبعاد
وزن يبدأ من 1.37 كجم – تصميم معدني أنيق وخفيف يسهل التنقل به



المداخل والمخارج

1 × USB-C (Power Delivery + DisplayPort)
2 × USB-A 3.2 Gen 1
1 × HDMI 2.0
1 × RJ-45 Ethernet
1 × Audio Combo Jack
قارئ بطاقات SmartCard (اختياري)
Wi-Fi 6E + Bluetooth 5.3




نظام التشغيل
Windows 11 Pro – مثالي لبيئات العمل والشركات

HP ProBook 645 G9 – لابتوب مخصص للأعمال، يجمع بين الأداء العالي بتقنية Ryzen PRO وكفاءة الطاقة، مع تصميم قوي وخفيف. مناسب للمديرين، المهندسين، والمستخدمين اللي يحتاجوا أداء ثابت في المكتب أو أثناء التنقل.
",published,https://laapak.com/wp-content/uploads/2025/11/hp645_featured_square.jpg,https://laapak.com/wp-content/uploads/2025/10/download-1.jpeg,Default Option,Default,Default Variant,WOO-SKU-12857,13500,,false,AMD Ryzen 5,ryzen-5
Dell Latitude 5520,dell-latitude-5520,"

المعالج
• Intel Core i5-1145G7 - 4 أنوية / 8 خيوط - تردد حتى 4.4 GHz (يدعم خيارات حتى i7-1185G7)



كارت الشاشة
Intel Iris Xe Graphics - كارت مدمج قوي يكفي للأعمال المكتبية والتصميم الخفيف



الرام
يدعم حتى 64GB DDR4-3200MHz - مناسب لتعدد المهام وتشغيل برامج كبيرة



التخزين
يدعم حتى 2TB PCIe NVMe SSD - قابل للترقية بسهولة



الشاشة
15.6 بوصة FHD (1920×1080) Anti-Glare - شاشة مريحة للعمل لفترات طويلة



البطارية
بطارية 4 خلايا 63WHr - تدعم ExpressCharge لتوصيل البطارية إلى 80% في ساعة تقريباً



الوزن والأبعاد
وزن يبدأ من 1.59 كجم - تصميم نحيف وخفيف مثالي للسفر



المداخل والمخارج

2 × USB-C Thunderbolt 4
2 × USB-A 3.2
1 × HDMI 2.0
قارئ كروت microSD
RJ-45 Ethernet
Wi-Fi 6 + Bluetooth 5.1




نظام التشغيل
Windows 11 Pro - متوافق مع بيئات العمل والشركات

Dell Latitude 5520 - لابتوب أعمال قوي وخفيف، قابل للترقية حتى 64GB رام و2TB SSD، مثالي لمديري الأعمال، المحاسبين، ومستخدمي برامج الأوفيس والتطبيقات الخفيفة إلى المتوسطة.
",published,https://laapak.com/wp-content/uploads/2025/09/output.jpg,https://laapak.com/wp-content/uploads/2025/09/output2.jpg,Default Option,Default,Default Variant,WOO-SKU-12650,15999,,false,Dell,dell
Dell Precision 7760 Workstation,dell-precision-7760-workstation,"

المعالج
• Intel Core i7-11H - 8 أنوية / 16 خيط - تردد حتى 5.0 GHz



كارت الشاشة
NVIDIA RTX A4000 8GB - أقوى كارت مدعوم للجرافيكس والرندر الاحترافي



الرام
يدعم حتى 128GB DDR4-3200 ECC - لتشغيل المشاريع الضخمة بدون أي بطء



التخزين
يدعم حتى 4TB PCIe Gen4 NVMe SSD (إمكانية تركيب أكثر من وحدة للتوسعة)



الشاشة
17.3 بوصة PremierColor - تغطية ألوان 100% AdobeRGB



البطارية
بطارية WHr ليثيوم بوليمر - تدعم ExpressCharge للشحن السريع



الوزن والأبعاد
وزن تقريبًا 3.0 كجم - شاسيه قوي مخصص لمحطات العمل الاحترافية



المداخل والمخارج

2 × USB-C Thunderbolt 4
3 × USB-A 3.2 Gen 1
1 × HDMI 2.1
1 × Mini DisplayPort 1.4
قارئ كروت SD Express
Ethernet RJ-45
Wi-Fi 6E + Bluetooth 5.2




نظام التشغيل
Windows 11 Pro - متوافق مع كل برامج العمل الاحترافية

Dell Precision 7760 Workstation - أقوى مواصفات مدعومة، مثالية للمونتاج، التصميم الهندسي، الرندر، وتحليل البيانات الثقيلة. الجهاز قابل للتطوير بسهولة حتى أقصى إمكانياته.
",published,https://laapak.com/wp-content/uploads/2025/09/7760-1.webp,https://laapak.com/wp-content/uploads/2025/09/7760-2.webp,Default Option,Default,Default Variant,WOO-SKU-12641,37799,,false,Dell,dell
Dell Latitude 7400,dell-latitude-7400,"
المعالج
Intel Core i5-8th Gen – أداء متميز لتعدد المهام والاستخدام المكتبي – توازن مثالي بين القوة واستهلاك الطاقة



كارت الشاشة
Intel UHD Graphics 620 – كارت مدمج يقدم أداء سلس في التصفح وتشغيل البرامج المكتبية والوسائط



الرام
8GB DDR4 – مناسبة لمعظم المهام اليومية وتشغيل عدة برامج في وقت واحد، وقابلة للترقية لزيادة الأداء حتي 64 جيجا.



التخزين
256GB SSD – سرعة عالية في تشغيل الجهاز وفتح الملفات والبرامج، وقابل للتوسيع حتي 2 تيرا بايت.



الشاشة
14 بوصة – شاشة Full HD – ألوان واضحة ودقة عالية مناسبة للعمل والعرض التقديمي



البطارية
بطارية تدوم لساعات طويلة – مثالية للعمل أثناء التنقل



الوزن والأبعاد
وزن خفيف وتصميم نحيف يسهل حمله في الحقيبة



المداخل والمخارج

2 × USB 3.1 Type-A
1 × USB-C
1 × HDMI
1 × قارئ كروت microSD
1 × منفذ سماعة 3.5mm
Wi-Fi و Bluetooth مدمجين




نظام التشغيل
حسب اختيارك (Windows 10 / 11 أو Linux) – مع تجهيز الجهاز بالبرامج الأساسية




",published,https://laapak.com/wp-content/uploads/2024/12/5400.png,,Default Option,Default,Default Variant,WOO-SKU-12362,8999,,false,Dell,dell
HP ZBook G5 Workstation,hp-zbook-g5-workstation,"

المعالج
Intel Core i7 (8th Gen) – أداء قوي جدًا للتطبيقات الاحترافية مثل التصميم، المونتاج، والهندسة.



كارت الشاشة
NVIDIA Quadro (4GB GDDR5) – كارت رسومي مخصص للمصممين والمهندسين، مثالي لبرامج CAD و3D Rendering.



الرام
الجهاز يأتي بخيارات تبدأ من 8GB DDR4 (2666MHz).
قابل للترقية حتى 64GB (عدد 4 منافذ SO-DIMM) — مما يجعله مثالي للتطبيقات الثقيلة مثل الرندر والمونتاج.



التخزين
يدعم NVMe PCIe SSD و HDD معًا.
قابل للترقية حتى 4TB (يدعم تركيب أكثر من وحدة تخزين: M.2 SSD + 2.5"" HDD) — مرونة عالية للتوسعة.



الشاشة
15.6 بوصة – شاشة FHD (1920×1080) مضادة للانعكاس – ألوان دقيقة ووضوح عالي، خيارات أعلى مثل متوفرة في بعض التكوينات.



البطارية
بطارية 90Wh (6-cell) تدعم تقنية الشحن السريع HP Fast Charge – تصمد لفترات طويلة حسب الاستخدام.



الوزن والأبعاد
وزن يبدأ من 2.6 كجم تقريبًا – تصميم قوي (Workstation-grade) لتحمل ضغط العمل.



المداخل والمخارج

2× Thunderbolt 3 (USB-C)
3× USB 3.1 Type-A
HDMI 2.0
Mini DisplayPort 1.4
RJ-45 Ethernet
قارئ كروت SD
مقبس سماعة 3.5mm
Wi-Fi و Bluetooth مدمجين




نظام التشغيل
متوفر مع Windows 10/11 Pro – الجهاز موجه للاستخدام الاحترافي ويمكن تخصيصه بالبرامج المطلوبة.







",published,https://laapak.com/wp-content/uploads/2024/08/xd_0003_610eXrKGGuL._AC_SL1200_.jpg,https://laapak.com/wp-content/uploads/2023/09/HP-ZBOOK-15-G6.jpg,Default Option,Default,Default Variant,WOO-SKU-12465,22999,,false,down 30,down-30
HP ZBook Fury G7,hp-zbook-fury-g7,"

المعالج
Intel Core i7-10H – – أداء فائق للمونتاج والتصميم والبرمجة



كارت الشاشة
NVIDIA 4GB GDDR6 – كارت احترافي مخصص للجرافيك والمونتاج والرندرة والهندسة



الرام
16GB DDR4 (قابلة للترقية حتى 128GB) – أداء ممتاز لتعدد المهام والتعامل مع البرامج الثقيلة



التخزين
512GB SSD NVMe – سرعة فائقة في تحميل النظام والبرامج – قابل للترقية مع دعم تركيب أكثر من وحدة تخزين



الشاشة
15.6 بوصة  لوحة DreamColor – ألوان دقيقة ووضوح عالي مناسب للمصممين والمصورين



البطارية
بطارية قوية تدعم العمل لفترات طويلة – تدعم الشحن السريع – مثالية للشغل من أي مكان



الوزن والأبعاد
الوزن حوالي 2.5 كجم – تصميم احترافي متين ومناسب للتنقل مع القوة والأداء



المداخل والمخارج

2 × Thunderbolt 4 USB-C
2 × USB 3.1 Type-A
1 × HDMI 2.1
1 × RJ-45 Ethernet
1 × قارئ كروت SD
1 × منفذ سماعة 3.5mm
Wi-Fi 6 و Bluetooth 5.2




نظام التشغيل
Windows 11 Pro أو حسب الطلب – مع خدمة تنصيب وتحديث البرامج الأساسية لجاهزية العمل من أول يوم




",published,https://laapak.com/wp-content/uploads/2025/08/81VfDm8WeYL.jpg,,Default Option,Default,Default Variant,WOO-SKU-12036,27999,,false,down 30,down-30
Dell Latitude 7420,dell-latitude-7420,"

المعالج
Intel Core i5-1165G7 – الجيل الحادي عشر – أداء قوي للمهام الثقيلة والتعددية – تردد يصل حتى 4.7GHz



كارت الشاشة
Intel Iris Xe Graphics – أداء رسومي أفضل من الجيل السابق – يدعم التصميم الخفيف وتشغيل فيديوهات بدقة عالية



الرام
16GB LPDDR4x – سريعة جداً وممتازة لتعدد المهام



التخزين
256GB SSD NVMe – سرعة عالية في نقل البيانات وتشغيل النظام



الشاشة
14.0 بوصة – دقة Full HD – شاشة مضادة للتوهج – إضاءة 400nits – ألوان واضحة وتجربة مشاهدة مريحة



البطارية
بطارية قوية تدوم ساعات طويلة – مثالية للعمل الخارجي أو أثناء السفر



الوزن والأبعاد
وزن تقريباً 1.2 كجم – تصميم نحيف وخفيف وسهل الحمل في أي مكان



المداخل والمخارج

2 × Thunderbolt 4 USB-C
2 × USB 3.2 Type-A
1 × HDMI 2.0
1 × قارئ كروت microSD
1 × منفذ سماعة 3.5mm
Wi-Fi 6 و Bluetooth 5.1




نظام التشغيل
Windows 11 Pro أو حسب اختيارك – بنجهزه لك كامل بالتعريفات والبرامج الأساسية قبل التسليم

",published,https://laapak.com/wp-content/uploads/2025/08/Untitled-design.jpg,,Default Option,Default,Default Variant,WOO-SKU-12029,13500,,false,Dell,dell
Dell Precision 7750,dell-precision-7750,"

المعالج
Intel Xeon W-10855M – (6 أنوية / 12 خيط) – بتردد 2.4GHz يصل حتى 5.1GHz – كاش 12MB – فئة محطات العمل



كارت الشاشة
NVIDIA RTX A5000 – ذاكرة 16 GB GDDR6 – كارت احترافي لمحطات العمل، يدعم التصميم الهندسي، الجرافيكس، والـ3D Rendering



الرام
32 GB DDR4 – تدعم ECC – قابلة للتوسعة حتى 128 GB – أداء قوي لتعدد المهام والمشاريع الثقيلة



التخزين
512 GB SSD NVMe – وحدة تخزين سريعة جداً – يدعم توسعة حتى 4 فتحات M.2 NVMe



الشاشة
15.6″ FHD (1920×1080) – شاشة عالية الوضوح – تدعم تغطية ألوان ممتازة – رؤية واضحة لتطبيقات التصميم والبرمجة



البطارية
بطارية 6 خلايا – تدعم ExpressCharge – مصممة لتوفير طاقة كافية أثناء جلسات العمل الطويلة



الوزن والأبعاد
الوزن حوالي 3.0 كجم – هيكل قوي من الألمنيوم – تصميم احترافي مناسب لبيئة العمل المكتبية أو الصناعية



المداخل والمخارج

2 × Thunderbolt 3 (USB‑C)
3 × USB 3.2 Type-A
HDMI 2.0
mini DisplayPort
قارئ كروت SD
RJ‑45 LAN
منفذ سماعة/ميكروفون 3.5 مم
Wi‑Fi 6 + Bluetooth 5




نظام التشغيل
النظام حسب اختيارك (Windows / Linux) مع خدمة مجانية لتجهيز الجهاز بكل البرامج اللي تحتاجها عشان تبدأ شغلك فورًا

",published,https://laapak.com/wp-content/uploads/2025/01/7550.jpg,https://laapak.com/wp-content/uploads/2025/01/7550-2.jpg,Default Option,Default,Default Variant,WOO-SKU-11889,40425,,false,Brands,brand
Dell Precision 7560,dell-precision-7560,"
المعالج
Intel Core i7-11850H — تردد يصل حتى 4.8GHz، مع 8 أنوية و 16 ثريد



كارت الشاشة
NVIDIA Quadro — 4GB GDDR6 (موجه للجرافيك والتصميم والمونتاج)



الشاشة
15.6 بوصة — FHD 1920x1080 — مضادة للتوهج — 100% sRGB



الرام
16 GB DDR4 — تردد 3200MHz — قابل للترقية حتى 128GB



التخزين
512GB NVMe SSD — قابل للترقية حتى 4TB



الوزن والأبعاد
375.4 مم × 251.5 مم × 25.9 مم — الوزن 2.53 كجم



البطارية
6 خلايا — 95Wh — بطارية تدوم لفترات طويلة مع شاحن سريع



نظام التشغيل
حسب اختيارك (Windows أو Linux)، مع خدمة مجانية لتثبيت وتجهيز البرامج اللي تحتاجها عشان الجهاز يكون جاهز للشغل مباشرة

",published,https://laapak.com/wp-content/uploads/2025/01/7550.jpg,https://laapak.com/wp-content/uploads/2025/01/7550-2.jpg,Default Option,Default,Default Variant,WOO-SKU-11888,28999,,false,Brands,brand
Dell Precision 5530,dell-precision-5530,"
المعالج
Intel Xeon 2176M



كارت الشاشة
NVIDIA Quadro  (4GB GDDR5) – كارت رسومي احترافي مخصص للبرامج الهندسية، التصميم ثلاثي الأبعاد، والمونتاج



الرام
16 GB DDR4 – قابلة للترقية حتى 64 GB – مثالية لتشغيل تطبيقات متعددة بكفاءة عالية



التخزين
512 GB SSD NVMe – وحدة تخزين سريعة جداً – توفر أداء ممتاز في تشغيل النظام والبرامج الثقيلة



الشاشة
15.6″ Full HD (1920×1080) – شاشة IPS بوضوح ممتاز وألوان دقيقة – مناسبة للعمل التصميمي والاحترافي



البطارية
بطارية ليثيوم أيون بسعة 97 واط/ساعة – تدعم الشحن السريع – توازن ممتاز بين الأداء وعمر البطارية للاستخدام اليومي والمكثف



الوزن والأبعاد
الوزن يبدأ من 1.78 كجم – تصميم نحيف وخامات فاخرة من الألمنيوم والماغنيسيوم – مريح في التنقل والعمل اليومي



المداخل والمخارج

2 × Thunderbolt 3 (USB-C)
2 × USB 3.1 Type-A (أحدهما يدعم PowerShare)
HDMI 2.0
قارئ كروت SD
منفذ سماعة/مايك كومبو
Wi-Fi 6 + Bluetooth 5.0




نظام التشغيل
النظام حسب اختيارك (Windows / Linux) مع خدمة مجانية لتحميل البرامج اللي تحتاجها عشان الجهاز يكون جاهز على الشغل من أول يوم




",published,https://laapak.com/wp-content/uploads/2025/01/5540_0002_5540.jpg,https://laapak.com/wp-content/uploads/2025/01/5540-2.jpg,Default Option,Default,Default Variant,WOO-SKU-11876,20999,,false,Brands,brand
HP EliteBook 830 G7,hp-elitebook-830-g7,"

المعالج
Intel Core i5-10TH – موفر للطاقة من فئة U – أداء جيد للاستخدام اليومي والمهام المتعددة



كارت الشاشة
Intel UHD Graphics – كرت مدمج مناسب للتصفح، مشاهدة الفيديوهات، والمهام المكتبية الخفيفة



الرام
8 GB DDR4 – كافية لتعدد المهام والبرامج اليومية – قابلة للترقية في بعض الإصدارات



التخزين
256 GB SSD NVMe – وحدة تخزين سريعة جداً في الإقلاع وتشغيل البرامج



الشاشة
13.3 بوصة – شاشة FHD  – مناسبة للاستخدام كلابتوب وتابلت



البطارية
بطارية تدوم لساعات طويلة – مناسبة للتنقل والعمل خارج المكتب – تدعم الشحن السريع



الوزن والأبعاد
تصميم أنيق وخفيف الوزن – مناسب للطلاب ورجال الأعمال أثناء التنقل –



المداخل والمخارج

2 × USB 3.1
USB Type-C (يدعم Thunderbolt)
HDMI
قارئ كروت SD
منفذ شحن
منفذ سماعة/مايك
Wi-Fi + Bluetooth




نظام التشغيل
النظام حسب اختيارك (Windows / Linux) مع خدمة مجانية لتحميل البرامج اللي تحتاجها عشان الجهاز يكون جاهز على الشغل من أول يوم




",published,https://laapak.com/wp-content/uploads/2025/04/Untitled-1_0002_81y-3PSJoCL._AC_UF10001000_QL80_.jpg,https://laapak.com/wp-content/uploads/2025/04/Untitled-1_0000_410YxRxNtmL._AC_SL1142_.jpg,Default Option,Default,Default Variant,WOO-SKU-11730,11999,,false,Brands,brand
HP EliteBook 845 G9,hp-elitebook-845-g9,"

المعالج
AMD Ryzen 5 PRO 6650U – ست أنوية / 12 خيط – تردد يصل حتى 4.5GHz – كاش 16MB – أداء ممتاز لمهام العمل والبرامج المتقدمة



كارت الشاشة
AMD Radeon 660M مدمج – مناسب للأعمال المكتبية والمونتاج الخفيف



الرام
16GB DDR4 – تردد عالي لأداء أسرع واستجابة أفضل



التخزين
512GB SSD NVMe – سرعة تحميل وتشغيل عالية – يدعم الترقية



الشاشة
14.0 بوصة – دقة 1920×1200 WUXGA – تقنية IPS – نسبة عرض 16:10 – رؤية واضحة وزوايا ممتازة



البطارية
بطارية 3 خلايا – ليثيوم بوليمر – عمر طويل يكفي ليوم كامل من الاستخدام



الوزن والأبعاد
315.6 مم × 224 مم × 19.2 مم — الوزن 1.38 كجم



المداخل والمخارج

2 × USB-C 4.0 (دعم شحن وDisplayPort)
2 × USB 3.2 Type-A
1 × HDMI 2.1
1 × منفذ سماعة 3.5mm
1 × قارئ SmartCard (اختياري)
Wi-Fi 6E و Bluetooth 5.2




نظام التشغيل
Windows 11 Pro / Linux حسب اختيارك – مع خدمة إعداد وتجهيز البرامج مجانًا

",published,https://laapak.com/wp-content/uploads/2025/04/1_0001_61B1YLmtZTL._AC_SL1500_.jpg,https://laapak.com/wp-content/uploads/2025/04/1_0000_2b724b0eeffb3417ee2588d083d88108-hi.jpg,Default Option,Default,Default Variant,WOO-SKU-11718,24000,,false,AMD Ryzen 5,ryzen-5
Dell Latitude 7410,dell-latitude-7410,"

المعالج
Intel Core i5-10th Gen – أداء ممتاز للمهام المكتبية والدراسة – موفر للطاقة ومناسب للاستخدام اليومي



كارت الشاشة
Intel UHD Graphics – كرت مدمج مناسب للتصفح، مشاهدة الفيديوهات، وبرامج الجداول والعروض التقديمية



الرام
16GB DDR4 – أداء ممتاز في المهام المتعددة وسلاسة في العمل – مثالية للتنقل بين البرامج بدون بطء



التخزين
256GB SSD – تخزين سريع يساعد على إقلاع النظام وتشغيل البرامج بكفاءة



الشاشة
شاشة عالية الجودة بقياس 14 بوصة (غير مذكورة لكن متوقعة من السلسلة) – دقة FHD – ألوان واضحة ومناسبة للعمل المكتبي



البطارية
بطارية قوية تدوم لفترات طويلة – مصممة لتحمّل يوم العمل بدون الحاجة للشحن المتكرر



الوزن والأبعاد
تصميم نحيف وخفيف – مثالي للتنقل والعمل الخارجي – خامات عالية الجودة ومتانة ممتازة



المداخل والمخارج

USB Type-C
2 × USB 3.1
HDMI
قارئ كروت microSD
منفذ سماعة/مايك
Wi-Fi + Bluetooth




نظام التشغيل
النظام حسب اختيارك (Windows / Linux) مع خدمة مجانية لتحميل البرامج الأساسية والتجهيزية للجهاز

",published,https://laapak.com/wp-content/uploads/2025/04/7410_0001_main-photo-category.jpg,https://laapak.com/wp-content/uploads/2025/04/7410_0000_7410-3.jpg,Default Option,Default,Default Variant,WOO-SKU-11717,11999,,false,Brands,brand
Dell Precision 5550,dell-precision-5550,"

المعالج
Intel Core i7-10750H – الجيل العاشر – (6 أنوية / 12 خيط) – تردد أساسي 2.6GHz يصل حتى 5.0GHz – كاش 12MB – أداء قوي للمهام الاحترافية



كارت الشاشة
NVIDIA Quadro T1000 (4GB GDDR6) – كارت رسومي احترافي مخصص للبرامج الهندسية، التصميم ثلاثي الأبعاد، والمونتاج



الرام
16 GB DDR4-2933 – قابلة للترقية حتى 64 GB – أداء عالي في تعدد المهام والتطبيقات الثقيلة



التخزين
512 GB SSD NVMe PCIe – قابلة للترقية حتى 2 TB – تخزين سريع جداً – قابل للتوسعة حسب الحاجة لمشاريع كبيرة



الشاشة
15.6″ FHD+ (1920×1200) InfinityEdge – شاشة Anti-Glare مع تقنية Low Blue Light – سطوع 500 شمعة – دقة عالية وألوان دقيقة – مناسبة للعمل التصميمي والاحترافي



البطارية
بطارية ليثيوم أيون قوية – تدعم الشحن السريع – توازن ممتاز بين الأداء وعمر البطارية للاستخدام اليومي والمكثف



الوزن والأبعاد
الوزن يبدأ من 1.84 كجم – تصميم فائق النحافة InfinityEdge – خامات فاخرة من الألمنيوم – مثالي للمبدعين والمحترفين



المداخل والمخارج

2 × Thunderbolt 3 Type-C (Power Delivery)
1 × USB 3.2 Gen 2 Type-C (DisplayPort)
منفذ صوت Universal Audio
قارئ كروت microSD
Wi-Fi 6 AX201 + Bluetooth 5.1




نظام التشغيل
النظام حسب اختيارك (Windows / Linux) مع خدمة مجانية لتحميل البرامج اللي تحتاجها عشان الجهاز يكون جاهز على الشغل من أول يوم

",published,https://laapak.com/wp-content/uploads/2024/08/Untitled-1.jpg,https://laapak.com/wp-content/uploads/2024/08/Dell-5560-scaled-1.jpg,Default Option,Default,Default Variant,WOO-SKU-11591,27999,,false,Brands,brand
Dell Precision 5520,dell-precision-5520,"

المعالج
Intel Xeon – معالج فئة H للأداء العالي – مناسب للبرامج الهندسية وتعدد المهام الثقيلة



كارت الشاشة
NVIDIA Quadro M1200 (4 جيجابايت) – كارت مخصص احترافي للأعمال الجرافيكية والمونتاج والرندر



الرام
16GB DDR4 – أداء سريع وسلس – مناسبة لتعدد التطبيقات في وقت واحد بدون تهنيج



التخزين
512GB SSD – وحدة تخزين سريعة جداً – بتوفر وقت كبير في تحميل النظام والبرامج



الشاشة
15.6 بوصة – شاشة FHD – ألوان ممتازة ووضوح عالي مناسب للشغل الجرافيكي والمونتاج



البطارية
بطارية تدوم لساعات طويلة – مناسبة للعمل أثناء التنقل والمشاريع الخارجية



الوزن والأبعاد
تصميم نحيف ووزن خفيف حوالي 1.78 كجم – خامات قوية وشكل أنيق



المداخل والمخارج

2 × USB 3.0
HDMI
قارئ كروت SD
Thunderbolt 3 (USB-C)
منفذ سماعة/مايك
Wi-Fi + Bluetooth




نظام التشغيل
النظام حسب اختيارك (Windows / Linux) مع خدمة مجانية لتنزيل البرامج اللازمة لتجهيز الجهاز للشغل من أول يوم

",published,https://laapak.com/wp-content/uploads/2025/01/5540_0002_5540.jpg,https://laapak.com/wp-content/uploads/2025/01/5540-2.jpg,Default Option,Default,Default Variant,WOO-SKU-11554,16799,,false,Brands,brand
Dell Latitude 5400,dell-latitude-5400,"

المعالج
Intel Core i5-8665U – الجيل الثامن – 4 أنوية / 8 خيوط – تردد يصل حتى 4.80GHz – كاش 6MB



كارت الشاشة
Intel UHD Graphics 620 – مدمج – مناسب للاستخدام المكتبي ومشاهدة الفيديوهات وبرامج الأوفيس



الرام
8GB DDR4 – قابلة للترقية حتى 32GB – عدد 2 سوكيت



التخزين
256GB SSD – نوع M.2 NVMe – قابل للترقية حتى 2TB



الشاشة
14 بوصة – دقة Full HD 1920×1080 – شاشة WVA – ألوان جيدة وإضاءة مناسبة للاستخدام في الإضاءة المختلفة



البطارية
بطارية 4 خلايا – أداء جيد يكفي يوم عمل متوسط – تدعم الشحن السريع عبر USB-C



الوزن والأبعاد
323 × 216 × 20 مم — الوزن تقريبًا 1.5 كجم



المداخل والمخارج

1 × USB-C (DisplayPort &amp; Power Delivery)
3 × USB 3.1 Type-A
1 × HDMI
1 × قارئ كروت microSD
1 × RJ‑45 Ethernet
1 × منفذ سماعة/مايك 3.5 مم
Wi-Fi و Bluetooth 5.0




نظام التشغيل
النظام حسب اختيارك (Windows / Linux) مع خدمة مجانية لتحميل البرامج الأساسية وتجهيز الجهاز للشغل فورًا

",published,https://laapak.com/wp-content/uploads/2025/01/5400.png,https://laapak.com/wp-content/uploads/2025/01/Dell-Latitude-5400-2-scaled.jpg,Default Option,Default,Default Variant,WOO-SKU-11525,8500,,false,Brands,brand
Dell Precision 5540,dell-precision-5540,"

المعالج
Intel Core i7-9750H – الجيل التاسع – (6 أنوية / 12 خيط) – تردد يصل حتى 4.5 GHz – كاش 12 MB – أداء فائق للمهام الثقيلة والبرامج الاحترافية



كارت الشاشة
NVIDIA Quadro T1000 – ذاكرة 4 GB GDDR5 – مخصص لأعمال التصميم الهندسي، الجرافيكس، والرندر الاحترافي



الرام
16 GB DDR4 بسرعة 2666MHz – قابلة للتوسعة حتى 64 GB – مثالية لتعدد المهام والعمل على برامج التصميم والبرمجة الثقيلة



التخزين
512 GB M.2 PCIe NVMe SSD – وحدة تخزين فائقة السرعة – قابل للترقية لتناسب مشاريعك الكبيرة



الشاشة
15.6 بوصة – دقة Full HD (1920×1080) – شاشة IPS مضادة للتوهج – ألوان دقيقة وتجربة عرض ممتازة للمهندسين والمصممين



البطارية
بطارية 6 خلايا قوية – تدعم ExpressCharge – تعطيك ساعات من الأداء المستقر أثناء التنقل أو العمل خارج المكتب



الوزن والأبعاد
359 × 235 × 17.1 مم – الوزن حوالي 1.78 كجم – هيكل أنيق ومتين بأداء محطات العمل في حجم محمول



المداخل والمخارج

1 × USB-C Thunderbolt 3
2 × USB 3.1 Type-A
1 × HDMI 2.0
1 × قارئ كروت SD
1 × منفذ سماعة/مايك 3.5 مم
RJ-45 (باستخدام دونجل)
Wi‑Fi و Bluetooth




نظام التشغيل
النظام حسب اختيارك (Windows / Linux) مع خدمة مجانية لتثبيت البرامج اللي تحتاجها عشان الجهاز يكون جاهز على الشغل من أول يوم

",published,https://laapak.com/wp-content/uploads/2025/01/5540_0002_5540.jpg,https://laapak.com/wp-content/uploads/2025/01/5540-2.jpg,Default Option,Default,Default Variant,WOO-SKU-11503,23999,,false,Brands,brand
Dell Precision 7550,dell-precision-7550,"

المعالج
Intel Core i7-10750H – الجيل العاشر – (6 أنوية / 12 خيط) – تردد يصل حتى 5.0GHz – كاش 12MB – أداء قوي للمهام الاحترافية



كارت الشاشة
NVIDIA Quadro (4GB VRAM) – مخصص للبرامج الهندسية والجرافيك والمونتاج الاحترافي



الرام
16 GB DDR4 – قابلة للترقية حتى 128 GB – أداء عالي في تعدد المهام والتطبيقات الثقيلة



التخزين
512 GB SSD NVMe – تخزين سريع جداً – قابل للتوسعة حسب الحاجة لمشاريع كبيرة



الشاشة
15.6″ FHD (1920×1080) – شاشة LED مضادة للتوهج – رؤية واضحة بدقة عالية لتطبيقات التصميم والمونتاج



البطارية
بطارية قوية تدعم ExpressCharge – أداء يدوم لفترات عمل طويلة ومناسب للتنقل المهني



الوزن والأبعاد
الوزن حوالي 2.5 كجم – هيكل قوي من مواد فاخرة – تصميم موجه للمحترفين في بيئات العمل الصعبة



المداخل والمخارج

2 × Thunderbolt 3
3 × USB 3.2 Type-A
HDMI 2.0
Mini DisplayPort
قارئ كروت SD
RJ-45 LAN
منفذ سماعة/مايك 3.5 مم
Wi-Fi 6 + Bluetooth 5.1




نظام التشغيل
النظام حسب اختيارك (Windows / Linux) مع خدمة مجانية لتجهيز الجهاز بالبرامج المطلوبة قبل التسليم







",published,https://laapak.com/wp-content/uploads/2025/01/7550.jpg,https://laapak.com/wp-content/uploads/2025/01/7550-2.jpg,Default Option,Default,Default Variant,WOO-SKU-11496,24999,,false,Brands,brand
Dell Precision 3571,dell-precision-3571,"
اللابتوب عجبك؟ طيب اعرف التفاصيل كاملة
لو عاوز تعرف كل حاجة عن المواصفات بالتفصيل، ممكن تزور قسم المواصفات هتلاقية تحت شوية



خطط الضمان والدعم
في لابك دوت كوم بنوفرلك 3 خطط ضمان على أي جهاز كسر زيرو (استيراد)، وكمان التعريفات والدعم اللي تحتاجه لجهازك.



إزاي تشتري الجهاز

اتأكد إنك عملت الطلب من على الموقع بس.
هنكلمك ونجاوب على كل استفساراتك ونتأكد إن الجهاز مناسب لاحتياجاتك.
وبعدها بنبدأ في تجهيز الريبورت الخاص باللابتوب اللي هيكون فيه كل التفاصيل الداخلية وصور وفيديو 360° كمعاينة خارجية 🤝✨.




الجهاز بيوصلك جاهز على التشغيل مع سوفت وير بأحدث إصدار والبرامج الأساسية. بالإضافة إلى إنك تقدر تقولنا البرامج اللي انت محتاجها لشغلك وهيتم تجهيز اللابتوب بيها مجاناً بحيث يوصلك جاهز للشغل على طول.



ملخص سريع
1- الحاجة الوحيدة اللي تعملها إنك تطلب اللابتوب من الموقع وسيب الباقي علينا. 2- عندك أي سؤال؟ كلمنا على واتساب أو موبايل.




سعداء بخدمتك
نتمنى نقدم خدمة تليق بيك كعميل لموقعنا لابك دوت كوم



 تواصل معنا على واتساب 

",published,https://laapak.com/wp-content/uploads/2024/08/Untitled-1_0005_91VcXrr7tS._AC_SL1500_.jpg,https://laapak.com/wp-content/uploads/2024/08/Untitled-1_0004_81FdUyCYU9L._AC_SL1500_.jpg,Default Option,Default,Default Variant,WOO-SKU-11484,38325,,false,Brands,brand
Dell Latitude 5300,dell-latitude-5300,"

المعالج
Intel Core i5-8365U – الجيل الثامن – 4 أنوية / 8 خيوط – تردد يصل حتى 4.10 GHz – كاش ≈ 6 MB



كارت الشاشة
Intel UHD Graphics 620 – مدمج – مناسب للاستخدام اليومي والتصفح ومشاهدة الفيديوهات



الرام
8 GB DDR4 – قابلة للترقية حتى 32 GB (عدد 2 سوكيت)



التخزين
256 GB SSD – نوع M.2 (SATA / PCIe)



الشاشة
13.3 بوصة – دقة Full HD 1920×1080 – شاشة WLED مضادة للوهج



البطارية
بطارية 4-خلايا (60 Wh) Lithium-Ion مع دعم ExpressCharge



الوزن والأبعاد
305.7 × 207.5 × ‎‎19.3 مم — الوزن تقريبًا ‎1.24 كجم



المداخل والمخارج

1 × USB-C 3.1 Gen 2 (يدعم DisplayPort / Power Delivery)
2 × USB-A 3.1 Gen 1
1 × HDMI 1.4b
1 × قارئ بطاقات microSD
1 × منفذ RJ-45 Ethernet ‎(Gigabit)
1 × منفذ سماعة / مايك 3.5 مم (خليط)
Wi-Fi 802.11ac + بلوتوث 5.0




نظام التشغيل
نظام التشغيل حسب اختيارك (Windows / Linux) ويمكن تثبيت البرامج الأساسية لجعل الجهاز جاهز للعمل من أول يوم

",published,https://laapak.com/wp-content/uploads/2024/12/5400.png,,Default Option,Default,Default Variant,WOO-SKU-11477,7999,,false,Brands,brand
Dell Latitude 7390,dell-latitude-7390,"

المعالج
Intel® Core™ i5 الجيل الثامن – فئة موفرة للطاقة – مناسب للاستخدام المكتبي والمذاكرة والتصفح السلس



كارت الشاشة
Intel® UHD Graphics 620 – مدمج – مناسب للاستخدام اليومي وبرامج الجرافيك الخفيفة



الرام
8GB DDR4 – كافية للاستخدامات المكتبية والدراسة والتصفح – قابلة للترقية



التخزين
256GB SSD – وحدة تخزين سريعة تساعدك في فتح النظام والبرامج بثواني



الشاشة
13.3 بوصة تاتش – قابلة للدوران 360 درجة – بدقة FHD – شاشة عملية ومناسبة للتنقل والاستخدام المرن



البطارية
بطارية تدوم لفترات طويلة – مثالية للاستخدام خارج المنزل أو في المكاتب أو الجامعات



الوزن والأبعاد
خفيف الوزن تقريبًا 1.4 كجم – تصميم مرن بمواد عالية الجودة – مثالي للتنقل والاستخدام اليومي



المداخل والمخارج

USB Type-C
2 × USB 3.1
HDMI
قارئ كروت microSD
منفذ سماعة ومايك
Wi-Fi + Bluetooth




نظام التشغيل
Windows 10/11 أو Linux حسب اختيارك – مع إعداد مجاني بكل البرامج الأساسية اللي تحتاجها

",published,https://laapak.com/wp-content/uploads/2024/12/download-3-500x500-1.webp,https://laapak.com/wp-content/uploads/2024/12/DELL_7390_2in1-3461_INT_1.webp,Default Option,Default,Default Variant,WOO-SKU-11472,13500,,false,Brands,brand
Dell Latitude 7490,dell-latitude-7490-2,"

المعالج
Intel Core i5-8665U – موفر للطاقة من فئة U – أداء ممتاز في المهام اليومية وسلاسة في الاستخدام المكتبي



كارت الشاشة
Intel UHD Graphics 620 – كرت مدمج مناسب للتصفح، الفيديو، وتطبيقات العمل الخفيفة



الرام
8GB DDR4 – كافية للمهام المكتبية الأساسية والتعدد البسيط في البرامج – يمكن ترقيتها حسب احتياجك



التخزين
256GB SSD – تخزين سريع بيساعد على سرعة تشغيل الجهاز والبرامج



الشاشة
شاشة 14 بوصة – دقة Full HD – شاشة واضحة بألوان ممتازة ومناسبة للشغل والدراسة



البطارية
بطارية تدوم لفترة مناسبة للاستخدام خارج البيت أو المكتب – مع دعم للشحن السريع



الوزن والأبعاد
تصميم نحيف ووزن خفيف – سهل الحمل ومثالي لرجال الأعمال والطلبة أثناء التنقل



المداخل والمخارج

USB Type-C
2 × USB 3.1
HDMI
قارئ كروت SD
RJ-45 LAN
منفذ سماعة/مايك
Wi-Fi + Bluetooth




نظام التشغيل
النظام حسب اختيارك (Windows / Linux) مع خدمة تجهيز الجهاز وتحميل البرامج الأساسية مجانًا

",published,https://laapak.com/wp-content/uploads/2024/12/71zkzCckCYL._AC_SL1500_.jpg,https://laapak.com/wp-content/uploads/2024/12/41-ffnwxhal._ac_sl1000_.jpg,Default Option,Default,Default Variant,WOO-SKU-11468,9499,,false,Brands,brand
HP ProBook 650 G5,hp-probook-650-g5,"

المعالج
Intel Core i5-8th Gen – معالج موفر للطاقة ومناسب للاستخدام المكتبي والمهام اليومية



كارت الشاشة
Intel UHD Graphics 620 – كارت مدمج مناسب لتعدد المهام والعمل المكتبي



الرام
8GB DDR4 – قابلة للترقية حتى 16GB – مناسبة للتصفح والبرامج المكتبية



التخزين
256GB SSD – وحدة تخزين سريعة لفتح النظام وتشغيل البرامج بكفاءة



الشاشة
15.6 بوصة – دقة Full HD – شاشة LED مضادة للتوهج – رؤية مريحة أثناء العمل لفترات طويلة



البطارية
بطارية جيدة تدوم لساعات طويلة – مثالية للاستخدام أثناء التنقل والاجتماعات



الوزن والأبعاد
الوزن حوالي 2.0 كجم – تصميم أنيق وهيكل قوي يتحمل الاستخدام المتكرر



المداخل والمخارج

USB-C
2 × USB 3.1 Type-A
HDMI
VGA
RJ-45 LAN
قارئ كروت SD
منفذ سماعة/مايك 3.5mm
Wi-Fi + Bluetooth




نظام التشغيل
النظام حسب اختيارك (Windows / Linux) مع خدمة مجانية لتجهيز الجهاز بالكامل بالبرامج اللي تحتاجها قبل الاستلام

",published,https://laapak.com/wp-content/uploads/2024/11/650-G5.jpg,https://laapak.com/wp-content/uploads/2024/07/HP_Probook_645_G4_Ansicht3-1.jpg,Default Option,Default,Default Variant,WOO-SKU-11221,10499,,false,Brands,brand
Dell Precision 7540,dell-precision-7540-i7-9,"

المعالج
Intel Core i7-9th Gen – فئة H للأداء العالي – مناسب لتعدد المهام والتعامل مع البرامج الثقيلة



كارت الشاشة
NVIDIA Quadro T1000 4GB – كارت شاشة احترافي مخصص للبرامج الهندسية والرسم ثلاثي الأبعاد والمونتاج



الرام
16GB DDR4 – قابلة للترقية حسب رغبتك – مثالية لتعدد المهام بدون بطء



التخزين
512GB SSD NVMe – وحدة تخزين سريعة جداً في فتح النظام والبرامج



الشاشة
15.6 بوصة – دقة Full HD 1920×1080 – شاشة LED – ألوان واضحة ومناسبة للتصميم والمشاهدة



البطارية
بطارية قوية تدعم الشحن السريع – مناسبة للاستخدام اليومي والتنقل



الوزن والأبعاد
وزن تقريبي حوالي 2.6 كجم – تصميم احترافي بخامات متينة مناسبة للاستخدام الشاق



المداخل والمخارج

Thunderbolt 3
3 × USB 3.1 Type-A
HDMI
قارئ كروت SD
RJ-45 LAN
منفذ سماعة/مايك
Wi-Fi + Bluetooth




نظام التشغيل
النظام حسب اختيارك (Windows / Linux) مع خدمة مجانية لتحميل البرامج اللي تحتاجها عشان الجهاز يكون جاهز على الشغل من أول يوم

",published,https://laapak.com/wp-content/uploads/2024/08/7530.jpg,https://laapak.com/wp-content/uploads/2024/08/x_0003_612yBWyuynS._AC_SL1500_.jpg,Default Option,Default,Default Variant,WOO-SKU-11219,22999,,false,Brands,brand
HP EliteBook 845 G8,hp-elitebook-845-g8,"

المعالج
AMD Ryzen 5 Pro 5650U – الجيل الثالث من Zen 3 – 6 أنوية / 12 خيط – تردد أساسي 2.3 GHz وتردد توربو يصل إلى 4.2 GHz – كاش L3 بحجم 16 MB



كارت الشاشة
AMD Radeon Graphics (Radeon Vega 7 مدمجة) – أداء جيد للمهام اليومية والعمل المكتبي



الرام
16 GB DDR4 – دعم مزدوج القناة حسب المعالج



التخزين
256 GB SSD – النوع M.2 PCIe



الشاشة
14 بوصة – دقة Full HD 1920×1080 – شاشة IPS



البطارية
بطارية ‎50 Wh



الوزن والأبعاد
‎329 × 227 × 17.9 مم — الوزن تقريبًا ‎1.55 كجم (حسب ThinkPad T14 Gen 2)



المداخل والمخارج

2 × USB‑C (يدعم نقل بيانات، شحن، شاشة)
1 × HDMI 2.0
1 × RJ‑45 Ethernet
1 × قارئ microSD
1 × منفذ سماعة / مايك 3.5 مم
Wi‑Fi 6 + Bluetooth 5.x (حسب طراز EliteBook أو ThinkPad)




نظام التشغيل
نظام التشغيل حسب اختيارك (Windows / Linux) — يمكن إعداد الجهاز للعمل من أول يوم بسهولة

",published,https://laapak.com/wp-content/uploads/2024/08/845-scaled-1.jpg,https://laapak.com/wp-content/uploads/2024/08/845-2.jpg,Default Option,Default,Default Variant,WOO-SKU-11215,13999,,false,AMD Ryzen 5,ryzen-5
Lenovo ThinkPad L14,lenovo-thinkpad-l14,"
اللابتوب عجبك؟ طيب اعرف التفاصيل كاملة
لو عاوز تعرف كل حاجة عن المواصفات بالتفصيل، ممكن تزور قسم المواصفات هتلاقية تحت شوية



خطط الضمان والدعم
في لابك دوت كوم بنوفرلك 3 خطط ضمان على أي جهاز كسر زيرو (استيراد)، وكمان التعريفات والدعم اللي تحتاجه لجهازك.



إزاي تشتري الجهاز

اتأكد إنك عملت الطلب من على الموقع بس.
هنكلمك ونجاوب على كل استفساراتك ونتأكد إن الجهاز مناسب لاحتياجاتك.
وبعدها بنبدأ في تجهيز الريبورت الخاص باللابتوب اللي هيكون فيه كل التفاصيل الداخلية وصور وفيديو 360° كمعاينة خارجية 🤝✨.




الجهاز بيوصلك جاهز على التشغيل مع سوفت وير بأحدث إصدار والبرامج الأساسية. بالإضافة إلى إنك تقدر تقولنا البرامج اللي انت محتاجها لشغلك وهيتم تجهيز اللابتوب بيها مجاناً بحيث يوصلك جاهز للشغل على طول.



ملخص سريع
1- الحاجة الوحيدة اللي تعملها إنك تطلب اللابتوب من الموقع وسيب الباقي علينا. 2- عندك أي سؤال؟ كلمنا على واتساب أو موبايل.




سعداء بخدمتك
نتمنى نقدم خدمة تليق بيك كعميل لموقعنا لابك دوت كوم



 تواصل معنا على واتساب 

",published,https://laapak.com/wp-content/uploads/2024/11/L14_0002_61EOXXompVL._AC_SL1500_.jpg,https://laapak.com/wp-content/uploads/2024/11/L14_0001_71QvIIj11hL._AC_SL1500_.jpg,Default Option,Default,Default Variant,WOO-SKU-11211,8999,,false,Brands,brand
HP Probook x360 435 G7,hp-probook-x360-435-g7,"
اللابتوب عجبك؟ طيب اعرف التفاصيل كاملة
لو عاوز تعرف كل حاجة عن المواصفات بالتفصيل، ممكن تزور قسم المواصفات هتلاقية تحت شوية



خطط الضمان والدعم
في لابك دوت كوم بنوفرلك 3 خطط ضمان على أي جهاز كسر زيرو (استيراد)، وكمان التعريفات والدعم اللي تحتاجه لجهازك.



إزاي تشتري الجهاز

اتأكد إنك عملت الطلب من على الموقع بس.
هنكلمك ونجاوب على كل استفساراتك ونتأكد إن الجهاز مناسب لاحتياجاتك.
وبعدها بنبدأ في تجهيز الريبورت الخاص باللابتوب اللي هيكون فيه كل التفاصيل الداخلية وصور وفيديو 360° كمعاينة خارجية 🤝✨.




الجهاز بيوصلك جاهز على التشغيل مع سوفت وير بأحدث إصدار والبرامج الأساسية. بالإضافة إلى إنك تقدر تقولنا البرامج اللي انت محتاجها لشغلك وهيتم تجهيز اللابتوب بيها مجاناً بحيث يوصلك جاهز للشغل على طول.



ملخص سريع
1- الحاجة الوحيدة اللي تعملها إنك تطلب اللابتوب من الموقع وسيب الباقي علينا. 2- عندك أي سؤال؟ كلمنا على واتساب أو موبايل.




سعداء بخدمتك
نتمنى نقدم خدمة تليق بيك كعميل لموقعنا لابك دوت كوم



 تواصل معنا على واتساب 

",published,https://laapak.com/wp-content/uploads/2024/11/g7_0000_61VwMDNZLhL._AC_SL1348_.jpg,https://laapak.com/wp-content/uploads/2024/11/g7_0001_61xOZv9qNhL._AC_SL1500_.jpg,Default Option,Default,Default Variant,WOO-SKU-11206,16500,,false,Brands,brand
HP Notebook MT45,hp-notebook-mt45,"
اللابتوب عجبك؟ طيب اعرف التفاصيل كاملة
لو عاوز تعرف كل حاجة عن المواصفات بالتفصيل، ممكن تزور قسم المواصفات هتلاقية تحت شوية



خطط الضمان والدعم
في لابك دوت كوم بنوفرلك 3 خطط ضمان على أي جهاز كسر زيرو (استيراد)، وكمان التعريفات والدعم اللي تحتاجه لجهازك.



إزاي تشتري الجهاز

اتأكد إنك عملت الطلب من على الموقع بس.
هنكلمك ونجاوب على كل استفساراتك ونتأكد إن الجهاز مناسب لاحتياجاتك.
وبعدها بنبدأ في تجهيز الريبورت الخاص باللابتوب اللي هيكون فيه كل التفاصيل الداخلية وصور وفيديو 360° كمعاينة خارجية 🤝✨.




الجهاز بيوصلك جاهز على التشغيل مع سوفت وير بأحدث إصدار والبرامج الأساسية. بالإضافة إلى إنك تقدر تقولنا البرامج اللي انت محتاجها لشغلك وهيتم تجهيز اللابتوب بيها مجاناً بحيث يوصلك جاهز للشغل على طول.



ملخص سريع
1- الحاجة الوحيدة اللي تعملها إنك تطلب اللابتوب من الموقع وسيب الباقي علينا. 2- عندك أي سؤال؟ كلمنا على واتساب أو موبايل.




سعداء بخدمتك
نتمنى نقدم خدمة تليق بيك كعميل لموقعنا لابك دوت كوم



 تواصل معنا على واتساب 

",published,https://laapak.com/wp-content/uploads/2024/07/81l19KaRmEL._SL1500_-1.jpg,https://laapak.com/wp-content/uploads/2024/07/1534953624_IMG_1051756-1.jpg,Default Option,Default,Default Variant,WOO-SKU-11196,8999,,false,AMD Ryzen 3,ryzen-3
HP EliteBook 1040 G6 x360,hp-elitebook-x360-1030-g3-i5,"
اللابتوب عجبك؟ طيب اعرف التفاصيل كاملة
لو عاوز تعرف كل حاجة عن المواصفات بالتفصيل، ممكن تزور قسم المواصفات هتلاقية تحت شوية



خطط الضمان والدعم
في لابك دوت كوم بنوفرلك 3 خطط ضمان على أي جهاز كسر زيرو (استيراد)، وكمان التعريفات والدعم اللي تحتاجه لجهازك.



إزاي تشتري الجهاز

اتأكد إنك عملت الطلب من على الموقع بس.
هنكلمك ونجاوب على كل استفساراتك ونتأكد إن الجهاز مناسب لاحتياجاتك.
وبعدها بنبدأ في تجهيز الريبورت الخاص باللابتوب اللي هيكون فيه كل التفاصيل الداخلية وصور وفيديو 360° كمعاينة خارجية 🤝✨.




الجهاز بيوصلك جاهز على التشغيل مع سوفت وير بأحدث إصدار والبرامج الأساسية. بالإضافة إلى إنك تقدر تقولنا البرامج اللي انت محتاجها لشغلك وهيتم تجهيز اللابتوب بيها مجاناً بحيث يوصلك جاهز للشغل على طول.



ملخص سريع
1- الحاجة الوحيدة اللي تعملها إنك تطلب اللابتوب من الموقع وسيب الباقي علينا. 2- عندك أي سؤال؟ كلمنا على واتساب أو موبايل.




سعداء بخدمتك
نتمنى نقدم خدمة تليق بيك كعميل لموقعنا لابك دوت كوم



 تواصل معنا على واتساب 

",published,https://laapak.com/wp-content/uploads/2024/08/1040-G7-3.jpg,https://laapak.com/wp-content/uploads/2024/08/1040-G7.jpg,Default Option,Default,Default Variant,WOO-SKU-11168,14699,,false,Brands,brand
HP EliteBook 840 G7,hp-elitebook-840-g7,"

المعالج
Intel® Core™ i5-10210U – الجيل العاشر – (4 أنوية / 8 خيوط) – بتردد يصل حتى 4.2GHz – كاش 6MB – موفر للطاقة ومثالي للاستخدام اليومي المكتبي والميداني



كارت الشاشة
Intel® Iris® Xe Graphics – كارت مدمج يقدم أداء ممتاز للمهام المكتبية، العرض، ومشاهدة المحتوى بجودة عالية



الرام
16 GB DDR4 – بتردد 2666MHz – قابلة للترقية حتى 64GB – أداء سلس مع تعدد المهام



التخزين
256 GB SSD M.2 NVMe – وحدة تخزين سريعة لتشغيل النظام والبرامج بكفاءة – يدعم الترقية



الشاشة
14 بوصة – دقة Full HD (1920×1080) – شاشة IPS مضادة للتوهج – رؤية واضحة في الإضاءة المختلفة



البطارية
بطارية 3‑cell ليثيوم – تدعم الشحن السريع – أداء يدوم لعدة ساعات بفضل المعالج الموفر للطاقة



الوزن والأبعاد
الوزن تقريبًا 1.33 كجم – تصميم نحيف وخفيف مناسب للتنقل والاجتماعات



المداخل والمخارج

2 × USB‑C (Thunderbolt / Charging)
2 × USB‑A 3.1
1 × HDMI 1.4
1 × RJ-45 LAN
قارئ كروت microSD
مدخل سماعة/مايك 3.5 مم
Wi‑Fi 6 و Bluetooth 5.0




نظام التشغيل

النظام حسب اختيارك (Windows / Linux) مع خدمة مجانية لتحميل البرامج اللي تحتاجها عشان الجهاز يكون جاهز على الشغل من أول يوم


",published,https://laapak.com/wp-content/uploads/2024/10/840_0002_Layer-1.jpg,https://laapak.com/wp-content/uploads/2024/10/840_0001_71ERzOUUxzL._AC_SL1500_.jpg,Default Option,Default,Default Variant,WOO-SKU-11121,12500,,false,Brands,brand
HP ProBook 640 G4,hp-probook-640-g5,"
اللابتوب عجبك؟ طيب اعرف التفاصيل كاملة
لو عاوز تعرف كل حاجة عن المواصفات بالتفصيل، ممكن تزور قسم المواصفات هتلاقية تحت شوية



خطط الضمان والدعم
في لابك دوت كوم بنوفرلك 3 خطط ضمان على أي جهاز كسر زيرو (استيراد)، وكمان التعريفات والدعم اللي تحتاجه لجهازك.



إزاي تشتري الجهاز

اتأكد إنك عملت الطلب من على الموقع بس.
هنكلمك ونجاوب على كل استفساراتك ونتأكد إن الجهاز مناسب لاحتياجاتك.
وبعدها بنبدأ في تجهيز الريبورت الخاص باللابتوب اللي هيكون فيه كل التفاصيل الداخلية وصور وفيديو 360° كمعاينة خارجية 🤝✨.




الجهاز بيوصلك جاهز على التشغيل مع سوفت وير بأحدث إصدار والبرامج الأساسية. بالإضافة إلى إنك تقدر تقولنا البرامج اللي انت محتاجها لشغلك وهيتم تجهيز اللابتوب بيها مجاناً بحيث يوصلك جاهز للشغل على طول.



ملخص سريع
1- الحاجة الوحيدة اللي تعملها إنك تطلب اللابتوب من الموقع وسيب الباقي علينا. 2- عندك أي سؤال؟ كلمنا على واتساب أو موبايل.




سعداء بخدمتك
نتمنى نقدم خدمة تليق بيك كعميل لموقعنا لابك دوت كوم



 تواصل معنا على واتساب 

",published,https://laapak.com/wp-content/uploads/2024/07/xxd-1.jpg,https://laapak.com/wp-content/uploads/2024/07/HP_Probook_645_G4_Ansicht2-1.jpg,Default Option,Default,Default Variant,WOO-SKU-11045,11025,,false,down 20,down-20
HP ZBook 15 G7 | i9-10885H,hp-zbook-15-g7-2,"
اللابتوب عجبك؟ طيب اعرف التفاصيل كاملة
لو عاوز تعرف كل حاجة عن المواصفات بالتفصيل، ممكن تزور قسم المواصفات هتلاقية تحت شوية



خطط الضمان والدعم
في لابك دوت كوم بنوفرلك 3 خطط ضمان على أي جهاز كسر زيرو (استيراد)، وكمان التعريفات والدعم اللي تحتاجه لجهازك.



إزاي تشتري الجهاز

اتأكد إنك عملت الطلب من على الموقع بس.
هنكلمك ونجاوب على كل استفساراتك ونتأكد إن الجهاز مناسب لاحتياجاتك.
وبعدها بنبدأ في تجهيز الريبورت الخاص باللابتوب اللي هيكون فيه كل التفاصيل الداخلية وصور وفيديو 360° كمعاينة خارجية 🤝✨.




الجهاز بيوصلك جاهز على التشغيل مع سوفت وير بأحدث إصدار والبرامج الأساسية. بالإضافة إلى إنك تقدر تقولنا البرامج اللي انت محتاجها لشغلك وهيتم تجهيز اللابتوب بيها مجاناً بحيث يوصلك جاهز للشغل على طول.



ملخص سريع
1- الحاجة الوحيدة اللي تعملها إنك تطلب اللابتوب من الموقع وسيب الباقي علينا. 2- عندك أي سؤال؟ كلمنا على واتساب أو موبايل.




سعداء بخدمتك
نتمنى نقدم خدمة تليق بيك كعميل لموقعنا لابك دوت كوم



 تواصل معنا على واتساب 

",published,https://laapak.com/wp-content/uploads/2024/08/g7_0002_61vxBdD8LL._AC_SL1200_.jpg,https://laapak.com/wp-content/uploads/2024/08/g7_0001_61ZP0bFoQL._AC_SL1200_.jpg,Default Option,Default,Default Variant,WOO-SKU-11041,37799,,false,Brands,brand
Dell Latitude 5510,dell-latitude-5510-2,"

المعالج
Intel Core i5-10th Gen – أداء قوي للمهام اليومية وتشغيل البرامج المتعددة بكفاءة



كارت الشاشة
Intel UHD Graphics – كارت مدمج مناسب للشغل المكتبي، الدراسة، والتصفح



الرام
8GB DDR4 – سعة ممتازة لتعدد المهام وسلاسة الأداء



التخزين
256GB SSD – وحدة تخزين سريعة لتشغيل النظام والبرامج بسرعة عالية



الشاشة
15.6 بوصة – دقة Full HD – شاشة مريحة للعين ومناسبة للعمل والدراسة



البطارية
بطارية تدوم لفترات طويلة – مثالية للتنقل والعمل خارج المكتب



الوزن والأبعاد
تصميم عملي – وزن خفيف مناسب للتنقل – هيكل قوي لتحمل الاستخدام اليومي



المداخل والمخارج

USB-C
USB 3.1
HDMI
RJ-45 LAN
قارئ كروت SD
منفذ سماعة ومايك
Wi-Fi + Bluetooth




نظام التشغيل
النظام حسب اختيارك (Windows / Linux) مع تجهيز كامل للبرامج الأساسية مجانًا لتبدأ الشغل فورًا

",published,https://laapak.com/wp-content/uploads/2024/08/Untitled-1_0005_91VcXrr7tS._AC_SL1500_.jpg,https://laapak.com/wp-content/uploads/2024/08/Untitled-1_0004_81FdUyCYU9L._AC_SL1500_.jpg,Default Option,Default,Default Variant,WOO-SKU-11033,14999,,false,Brands,brand
HP EliteBook x360 1030 G4,hp-elitebook-x360-1030-g3,"

المعالج
• Intel Core i5-8U – الجيل الثامن – 2 أنوية / 4 خيط – تردد يصل إلى 3.9 GHz – أداء قوي ومتوازن للمهام اليومية والمهنية



كارت الشاشة
Intel UHD Graphics 620 – كارت شاشة مدمج – مناسب للمهام المكتبية والترفيه والأعمال اليومية



الرام
8 GB DDR4 – أداء سريع لتعدد المهام – قابل للترقية حسب الطلب



التخزين
256 GB SSD – سرعة فائقة في التشغيل والقراءة – مناسب لتخزين الملفات والتطبيقات الأساسية



الشاشة
13.3 بوصة FHD (1920 × 1080) – شاشة لمس LED تدور 360 درجة – مثالي للاستخدام كحاسوب محمول أو تابلت



البطارية
بطارية ليثيوم بوليمر – أداء موثوق يدوم لفترات عمل طويلة



الوزن والأبعاد
تصميم خفيف ومحمول – مناسب للتنقل والعمل في أي مكان



المداخل والمخارج

USB-C
USB-A
HDMI
Audio Jack
Wi-Fi / Bluetooth




نظام التشغيل
Windows أو Linux حسب الطلب مع خدمة إعداد الجهاز قبل التسليم

",published,https://laapak.com/wp-content/uploads/2024/08/1040-G7-3.jpg,https://laapak.com/wp-content/uploads/2024/08/1040-G7.jpg,Default Option,Default,Default Variant,WOO-SKU-11027,13999,,false,Brands,brand
